/*
Navicat MySQL Data Transfer

Source Server         : graduation
Source Server Version : 50547
Source Host           : localhost:3306
Source Database       : graduation

Target Server Type    : MYSQL
Target Server Version : 50547
File Encoding         : 65001

Date: 2019-04-10 21:43:18
*/

SET FOREIGN_KEY_CHECKS=0;

-- ----------------------------
-- Table structure for address
-- ----------------------------
DROP TABLE IF EXISTS `address`;
CREATE TABLE `address` (
  `addressId` char(32) NOT NULL DEFAULT '',
  `addressProvince` varchar(10) NOT NULL,
  `addressCity` varchar(10) NOT NULL,
  `addressArea` varchar(10) NOT NULL,
  `addressDescription` varchar(50) NOT NULL,
  `userId` char(32) NOT NULL,
  `userName` varchar(20) NOT NULL,
  `userPhone` varchar(11) NOT NULL,
  PRIMARY KEY (`addressId`),
  KEY `userId` (`userId`)
) ENGINE=MyISAM DEFAULT CHARSET=gbk;

-- ----------------------------
-- Records of address
-- ----------------------------
INSERT INTO `address` VALUES ('8c945911d1ea4c84ae011ae9fbecc21f', '北京市', '北京市', '东城区', '湖北省恩施市舞阳坝1882号(湖北民族大学)', '98a44b03025441dcb4205f5c04751eae', '向丰华', '18371864508');
INSERT INTO `address` VALUES ('e608d2ae2c0448c98602e455b3ae4ff0', '北京市', '北京市市辖区', '东城区', '湖北省恩施市舞阳坝1882号(湖北民族大学)', '98a44b03025441dcb4205f5c04751eae', '向丰华', '18371864508');

-- ----------------------------
-- Table structure for goods
-- ----------------------------
DROP TABLE IF EXISTS `goods`;
CREATE TABLE `goods` (
  `goodsId` char(32) NOT NULL DEFAULT '',
  `goodsName` varchar(30) NOT NULL,
  `salerId` char(32) NOT NULL,
  `goodsPrice` double(10,2) NOT NULL,
  `goodstypeId` char(32) NOT NULL,
  `produceDate` date DEFAULT NULL,
  `qualityPeriod` int(11) NOT NULL,
  `goodsImage` varchar(30) NOT NULL,
  `goodsDescription` varchar(200) NOT NULL,
  `goodsNum` int(11) NOT NULL,
  PRIMARY KEY (`goodsId`),
  KEY `salerId` (`salerId`),
  KEY `goodstypeId` (`goodstypeId`)
) ENGINE=MyISAM DEFAULT CHARSET=gbk;

-- ----------------------------
-- Records of goods
-- ----------------------------
INSERT INTO `goods` VALUES ('1111111111111111111111111111111', '雪之恋和风大福1', 'bfe02c5e02d443eaaca1e163316d0b7a', '14.00', '11111111111111111111111111111111', '2019-04-07', '30', '../images/1.jpg', '雪之恋和风大福', '100');
INSERT INTO `goods` VALUES ('1111111111111111111111111111112', '雪之恋和风大福2', 'bfe02c5e02d443eaaca1e163316d0b7a', '20.00', '11111111111111111111111111111112', '2019-04-07', '30', '../images/2.jpg', '雪之恋和风大福', '100');
INSERT INTO `goods` VALUES ('1111111111111111111111111111113', '雪之恋和风大福3', 'bfe02c5e02d443eaaca1e163316d0b7a', '30.00', '11111111111111111111111111111113', '2019-04-07', '30', '../images/3.jpg', '雪之恋和风大福', '100');
INSERT INTO `goods` VALUES ('1111111111111111111111111111114', '雪之恋和风大福4', 'bfe02c5e02d443eaaca1e163316d0b7a', '35.00', '11111111111111111111111111111114', '2019-04-07', '30', '../images/4.jpg', '雪之恋和风大福', '100');
INSERT INTO `goods` VALUES ('1111111111111111111111111111115', '雪之恋和风大福5', 'bfe02c5e02d443eaaca1e163316d0b7a', '45.00', '11111111111111111111111111111115', '2019-04-07', '30', '../images/5.jpg', '雪之恋和风大福', '100');
INSERT INTO `goods` VALUES ('1111111111111111111111111111116', '雪之恋和风大福6', 'bfe02c5e02d443eaaca1e163316d0b7a', '55.00', '11111111111111111111111111111116', '2019-04-07', '30', '../images/6.jpg', '雪之恋和风大福', '100');
INSERT INTO `goods` VALUES ('1111111111111111111111111111117', '雪之恋和风大福7', 'bfe02c5e02d443eaaca1e163316d0b7a', '0.00', '11111111111111111111111111111117', '2019-04-07', '30', '../images/1.jpg', '雪之恋和风大福', '100');
INSERT INTO `goods` VALUES ('1111111111111111111111111111118', '雪之恋和风大福8', 'bfe02c5e02d443eaaca1e163316d0b7a', '0.00', '11111111111111111111111111111118', '2019-04-07', '30', '../images/2.jpg', '雪之恋和风大福', '100');
INSERT INTO `goods` VALUES ('1111111111111111111111111111119', '雪之恋和风大福9', 'bfe02c5e02d443eaaca1e163316d0b7a', '0.00', '11111111111111111111111111111119', '2019-04-07', '30', '../images/3.jpg', '雪之恋和风大福', '100');
INSERT INTO `goods` VALUES ('1111111111111111111111111111120', '雪之恋和风大福10', 'bfe02c5e02d443eaaca1e163316d0b7a', '0.00', '11111111111111111111111111111120', '2019-04-07', '30', '../images/4.jpg', '雪之恋和风大福', '100');
INSERT INTO `goods` VALUES ('1111111111111111111111111111121', '雪之恋和风大福11', 'bfe02c5e02d443eaaca1e163316d0b7a', '0.00', '11111111111111111111111111111121', '2019-04-07', '30', '../images/5.jpg', '雪之恋和风大福', '100');
INSERT INTO `goods` VALUES ('1111111111111111111111111111122', '雪之恋和风大福12', 'bfe02c5e02d443eaaca1e163316d0b7a', '0.00', '11111111111111111111111111111122', '2019-04-07', '30', '../images/6.jpg', '雪之恋和风大福', '100');
INSERT INTO `goods` VALUES ('1111111111111111111111111111123', '雪之恋和风大福13', 'bfe02c5e02d443eaaca1e163316d0b7a', '0.00', '11111111111111111111111111111123', '2019-04-07', '30', '../images/1.jpg', '雪之恋和风大福', '100');
INSERT INTO `goods` VALUES ('1111111111111111111111111111124', '雪之恋和风大福14', 'bfe02c5e02d443eaaca1e163316d0b7a', '0.00', '11111111111111111111111111111124', '2019-04-07', '30', '../images/2.jpg', '雪之恋和风大福', '100');
INSERT INTO `goods` VALUES ('1111111111111111111111111111125', '雪之恋和风大福15', 'bfe02c5e02d443eaaca1e163316d0b7a', '0.00', '11111111111111111111111111111125', '2019-04-07', '30', '../images/3.jpg', '雪之恋和风大福', '100');
INSERT INTO `goods` VALUES ('1111111111111111111111111111126', '雪之恋和风大福16', 'bfe02c5e02d443eaaca1e163316d0b7a', '0.00', '11111111111111111111111111111126', '2019-04-07', '30', '../images/4.jpg', '雪之恋和风大福', '100');
INSERT INTO `goods` VALUES ('1111111111111111111111111111127', '雪之恋和风大福17', 'bfe02c5e02d443eaaca1e163316d0b7a', '0.00', '11111111111111111111111111111127', '2019-04-07', '30', '../images/5.jpg', '雪之恋和风大福', '100');
INSERT INTO `goods` VALUES ('1111111111111111111111111111128', '雪之恋和风大福18', 'bfe02c5e02d443eaaca1e163316d0b7a', '0.00', '11111111111111111111111111111128', '2019-04-07', '30', '../images/6.jpg', '雪之恋和风大福', '100');
INSERT INTO `goods` VALUES ('1111111111111111111111111111129', '雪之恋和风大福19', 'bfe02c5e02d443eaaca1e163316d0b7a', '0.00', '11111111111111111111111111111129', '2019-04-07', '30', '../images/1.jpg', '雪之恋和风大福', '100');
INSERT INTO `goods` VALUES ('1111111111111111111111111111130', '雪之恋和风大福20', 'bfe02c5e02d443eaaca1e163316d0b7a', '0.00', '11111111111111111111111111111130', '2019-04-07', '30', '../images/2.jpg', '雪之恋和风大福', '100');
INSERT INTO `goods` VALUES ('11111111111111111111111111111213', '雪之恋和风大福21', 'bfe02c5e02d443eaaca1e163316d0b7a', '0.00', '11111111111111111111111111111131', '2019-04-07', '30', '../images/3.jpg', '雪之恋和风大福', '100');
INSERT INTO `goods` VALUES ('1111111111111111111111111111132', '雪之恋和风大福22', 'bfe02c5e02d443eaaca1e163316d0b7a', '0.00', '11111111111111111111111111111132', '2019-04-07', '30', '../images/4.jpg', '雪之恋和风大福', '100');
INSERT INTO `goods` VALUES ('1111111111111111111111111111133', '雪之恋和风大福23', 'bfe02c5e02d443eaaca1e163316d0b7a', '0.00', '11111111111111111111111111111133', '2019-04-07', '30', '../images/5.jpg', '雪之恋和风大福', '100');
INSERT INTO `goods` VALUES ('1111111111111111111111111111134', '雪之恋和风大福24', 'bfe02c5e02d443eaaca1e163316d0b7a', '0.00', '11111111111111111111111111111134', '2019-04-07', '30', '../images/6.jpg', '雪之恋和风大福', '100');
INSERT INTO `goods` VALUES ('1111111111111111111111111111135', '雪之恋和风大福25', 'bfe02c5e02d443eaaca1e163316d0b7a', '0.00', '11111111111111111111111111111135', '2019-04-07', '30', '../images/1.jpg', '雪之恋和风大福', '100');
INSERT INTO `goods` VALUES ('1111111111111111111111111111136', '雪之恋和风大福26', 'bfe02c5e02d443eaaca1e163316d0b7a', '0.00', '11111111111111111111111111111136', '2019-04-07', '30', '../images/2.jpg', '雪之恋和风大福', '100');
INSERT INTO `goods` VALUES ('1111111111111111111111111111137', '雪之恋和风大福27', 'bfe02c5e02d443eaaca1e163316d0b7a', '0.00', '11111111111111111111111111111137', '2019-04-07', '30', '../images/3.jpg', '雪之恋和风大福', '100');
INSERT INTO `goods` VALUES ('1111111111111111111111111111138', '雪之恋和风大福28', 'bfe02c5e02d443eaaca1e163316d0b7a', '0.00', '11111111111111111111111111111138', '2019-04-07', '30', '../images/4.jpg', '雪之恋和风大福', '100');
INSERT INTO `goods` VALUES ('1111111111111111111111111111139', '雪之恋和风大福29', 'bfe02c5e02d443eaaca1e163316d0b7a', '0.00', '11111111111111111111111111111139', '2019-04-07', '30', '../images/5.jpg', '雪之恋和风大福', '100');
INSERT INTO `goods` VALUES ('1111111111111111111111111111140', '雪之恋和风大福30', 'bfe02c5e02d443eaaca1e163316d0b7a', '0.00', '11111111111111111111111111111140', '2019-04-07', '30', '../images/6.jpg', '雪之恋和风大福', '100');
INSERT INTO `goods` VALUES ('1111111111111111111111111111141', '雪之恋和风大福31', 'bfe02c5e02d443eaaca1e163316d0b7a', '0.00', '11111111111111111111111111111141', '2019-04-07', '30', '../images/1.jpg', '雪之恋和风大福', '100');
INSERT INTO `goods` VALUES ('1111111111111111111111111111142', '雪之恋和风大福32', 'bfe02c5e02d443eaaca1e163316d0b7a', '0.00', '11111111111111111111111111111142', '2019-04-07', '30', '../images/2.jpg', '雪之恋和风大福', '100');
INSERT INTO `goods` VALUES ('1111111111111111111111111111143', '雪之恋和风大福33', 'bfe02c5e02d443eaaca1e163316d0b7a', '0.00', '11111111111111111111111111111143', '2019-04-07', '30', '../images/3.jpg', '雪之恋和风大福', '100');
INSERT INTO `goods` VALUES ('1111111111111111111111111111144', '雪之恋和风大福34', 'bfe02c5e02d443eaaca1e163316d0b7a', '0.00', '11111111111111111111111111111144', '2019-04-07', '30', '../images/4.jpg', '雪之恋和风大福', '100');
INSERT INTO `goods` VALUES ('1111111111111111111111111111145', '雪之恋和风大福35', 'bfe02c5e02d443eaaca1e163316d0b7a', '0.00', '11111111111111111111111111111145', '2019-04-07', '30', '../images/5.jpg', '雪之恋和风大福', '100');
INSERT INTO `goods` VALUES ('1111111111111111111111111111146', '雪之恋和风大福36', 'bfe02c5e02d443eaaca1e163316d0b7a', '0.00', '11111111111111111111111111111146', '2019-04-07', '30', '../images/6.jpg', '雪之恋和风大福', '100');
INSERT INTO `goods` VALUES ('1111111111111111111111111111147', '雪之恋和风大福37', 'bfe02c5e02d443eaaca1e163316d0b7a', '0.00', '11111111111111111111111111111147', '2019-04-07', '30', '../images/1.jpg', '雪之恋和风大福', '100');
INSERT INTO `goods` VALUES ('1111111111111111111111111111148', '雪之恋和风大福38', 'bfe02c5e02d443eaaca1e163316d0b7a', '0.00', '11111111111111111111111111111148', '2019-04-07', '30', '../images/2.jpg', '雪之恋和风大福', '100');
INSERT INTO `goods` VALUES ('1111111111111111111111111111149', '雪之恋和风大福39', 'bfe02c5e02d443eaaca1e163316d0b7a', '0.00', '11111111111111111111111111111149', '2019-04-07', '30', '../images/3.jpg', '雪之恋和风大福', '100');
INSERT INTO `goods` VALUES ('1111111111111111111111111111150', '雪之恋和风大福40', 'bfe02c5e02d443eaaca1e163316d0b7a', '0.00', '11111111111111111111111111111150', '2019-04-07', '30', '../images/4.jpg', '雪之恋和风大福', '100');
INSERT INTO `goods` VALUES ('1111111111111111111111111111151', '雪之恋和风大福41', 'bfe02c5e02d443eaaca1e163316d0b7a', '0.00', '11111111111111111111111111111151', '2019-04-07', '30', '../images/5.jpg', '雪之恋和风大福', '100');
INSERT INTO `goods` VALUES ('1111111111111111111111111111152', '雪之恋和风大福42', 'bfe02c5e02d443eaaca1e163316d0b7a', '0.00', '11111111111111111111111111111152', '2019-04-07', '30', '../images/6.jpg', '雪之恋和风大福', '100');
INSERT INTO `goods` VALUES ('1111111111111111111111111111153', '雪之恋和风大福43', 'bfe02c5e02d443eaaca1e163316d0b7a', '0.00', '11111111111111111111111111111153', '2019-04-07', '30', '../images/1.jpg', '雪之恋和风大福', '100');
INSERT INTO `goods` VALUES ('1111111111111111111111111111154', '雪之恋和风大福44', 'bfe02c5e02d443eaaca1e163316d0b7a', '0.00', '11111111111111111111111111111154', '2019-04-07', '30', '../images/2.jpg', '雪之恋和风大福', '100');
INSERT INTO `goods` VALUES ('1111111111111111111111111111155', '雪之恋和风大福45', 'bfe02c5e02d443eaaca1e163316d0b7a', '0.00', '11111111111111111111111111111155', '2019-04-07', '30', '../images/3.jpg', '雪之恋和风大福', '100');
INSERT INTO `goods` VALUES ('1111111111111111111111111111156', '雪之恋和风大福46', 'bfe02c5e02d443eaaca1e163316d0b7a', '0.00', '11111111111111111111111111111156', '2019-04-07', '30', '../images/4.jpg', '雪之恋和风大福', '100');
INSERT INTO `goods` VALUES ('1111111111111111111111111111157', '雪之恋和风大福47', 'bfe02c5e02d443eaaca1e163316d0b7a', '0.00', '11111111111111111111111111111157', '2019-04-07', '30', '../images/5.jpg', '雪之恋和风大福', '100');
INSERT INTO `goods` VALUES ('1111111111111111111111111111158', '雪之恋和风大福48', 'bfe02c5e02d443eaaca1e163316d0b7a', '0.00', '11111111111111111111111111111158', '2019-04-07', '30', '../images/6.jpg', '雪之恋和风大福', '100');
INSERT INTO `goods` VALUES ('1111111111111111111111111111159', '雪之恋和风大福49', 'bfe02c5e02d443eaaca1e163316d0b7a', '0.00', '11111111111111111111111111111159', '2019-04-07', '30', '../images/1.jpg', '雪之恋和风大福', '100');
INSERT INTO `goods` VALUES ('1111111111111111111111111111160', '雪之恋和风大福50', 'bfe02c5e02d443eaaca1e163316d0b7a', '0.00', '11111111111111111111111111111160', '2019-04-07', '30', '../images/2.jpg', '雪之恋和风大福', '100');
INSERT INTO `goods` VALUES ('1111111111111111111111111111161', '雪之恋和风大福51', 'bfe02c5e02d443eaaca1e163316d0b7a', '0.00', '11111111111111111111111111111161', '2019-04-07', '30', '../images/3.jpg', '雪之恋和风大福', '100');
INSERT INTO `goods` VALUES ('1111111111111111111111111111162', '雪之恋和风大福52', 'bfe02c5e02d443eaaca1e163316d0b7a', '0.00', '11111111111111111111111111111162', '2019-04-07', '30', '../images/4.jpg', '雪之恋和风大福', '100');
INSERT INTO `goods` VALUES ('1111111111111111111111111111163', '雪之恋和风大福53', 'bfe02c5e02d443eaaca1e163316d0b7a', '0.00', '11111111111111111111111111111163', '2019-04-07', '30', '../images/5.jpg', '雪之恋和风大福', '100');
INSERT INTO `goods` VALUES ('1111111111111111111111111111164', '雪之恋和风大福54', 'bfe02c5e02d443eaaca1e163316d0b7a', '0.00', '11111111111111111111111111111164', '2019-04-07', '30', '../images/6.jpg', '雪之恋和风大福', '100');
INSERT INTO `goods` VALUES ('1111111111111111111111111111165', '雪之恋和风大福55', 'bfe02c5e02d443eaaca1e163316d0b7a', '0.00', '11111111111111111111111111111165', '2019-04-07', '30', '../images/1.jpg', '雪之恋和风大福', '100');
INSERT INTO `goods` VALUES ('1111111111111111111111111111166', '雪之恋和风大福56', 'bfe02c5e02d443eaaca1e163316d0b7a', '0.00', '11111111111111111111111111111166', '2019-04-07', '30', '../images/2.jpg', '雪之恋和风大福', '100');
INSERT INTO `goods` VALUES ('1111111111111111111111111111167', '雪之恋和风大福57', 'bfe02c5e02d443eaaca1e163316d0b7a', '0.00', '11111111111111111111111111111167', '2019-04-07', '30', '../images/3.jpg', '雪之恋和风大福', '100');
INSERT INTO `goods` VALUES ('1111111111111111111111111111168', '雪之恋和风大福58', 'bfe02c5e02d443eaaca1e163316d0b7a', '0.00', '11111111111111111111111111111168', '2019-04-07', '30', '../images/4.jpg', '雪之恋和风大福', '100');
INSERT INTO `goods` VALUES ('1111111111111111111111111111169', '雪之恋和风大福59', 'bfe02c5e02d443eaaca1e163316d0b7a', '0.00', '11111111111111111111111111111169', '2019-04-07', '30', '../images/5.jpg', '雪之恋和风大福', '100');
INSERT INTO `goods` VALUES ('1111111111111111111111111111170', '雪之恋和风大福60', 'bfe02c5e02d443eaaca1e163316d0b7a', '0.00', '11111111111111111111111111111170', '2019-04-07', '30', '../images/6.jpg', '雪之恋和风大福', '100');
INSERT INTO `goods` VALUES ('1111111111111111111111111111171', '雪之恋和风大福61', 'bfe02c5e02d443eaaca1e163316d0b7a', '0.00', '11111111111111111111111111111111', '2019-04-07', '30', '../images/1.jpg', '雪之恋和风大福', '100');

-- ----------------------------
-- Table structure for goodsbigtype
-- ----------------------------
DROP TABLE IF EXISTS `goodsbigtype`;
CREATE TABLE `goodsbigtype` (
  `goodstypeId` char(32) NOT NULL DEFAULT '',
  `goodstypeName` varchar(30) NOT NULL,
  `goodsDescription` varchar(20) DEFAULT NULL,
  `goodstypeImage` varchar(50) DEFAULT NULL,
  `goodsTypeBackImage` varchar(50) NOT NULL,
  PRIMARY KEY (`goodstypeId`),
  UNIQUE KEY `goodstypeName` (`goodstypeName`)
) ENGINE=MyISAM DEFAULT CHARSET=gbk;

-- ----------------------------
-- Records of goodsbigtype
-- ----------------------------
INSERT INTO `goodsbigtype` VALUES ('11111111111111111111111111111111', '点心/蛋糕', '甜进你的心', '../images/cake.png', '../images/act1.png');
INSERT INTO `goodsbigtype` VALUES ('11111111111111111111111111111112', '饼干/膨化', '填饱你的胃', '../images/cookies.png', '../images/act1.png');
INSERT INTO `goodsbigtype` VALUES ('11111111111111111111111111111113', '熟食/肉类', '口水止不住', '../images/meat.png', '../images/act1.png');
INSERT INTO `goodsbigtype` VALUES ('11111111111111111111111111111114', '素食/卤味', '美味实惠', '../images/bamboo.png', '../images/act1.png');
INSERT INTO `goodsbigtype` VALUES ('11111111111111111111111111111115', '坚果/炒货', '香飘十里', '../images/nut.png', '../images/act1.png');
INSERT INTO `goodsbigtype` VALUES ('11111111111111111111111111111116', '糖果/蜜饯', '甜甜的生活由此开始', '../images/candy.png', '../images/act1.png');
INSERT INTO `goodsbigtype` VALUES ('11111111111111111111111111111117', '巧克力', '给喜欢的人一份巧克力', '../images/chocolate.png', '../images/act1.png');
INSERT INTO `goodsbigtype` VALUES ('11111111111111111111111111111118', '海味/河鲜', '鲜活你的人生', '../images/fish.png', '../images/act1.png');
INSERT INTO `goodsbigtype` VALUES ('11111111111111111111111111111119', '花茶/果茶', '品茶人生', '../images/tea.png', '../images/act1.png');
INSERT INTO `goodsbigtype` VALUES ('11111111111111111111111111111120', '品牌/礼包', '品牌礼包大优惠', '../images/package.png', '../images/act1.png');

-- ----------------------------
-- Table structure for goodstype
-- ----------------------------
DROP TABLE IF EXISTS `goodstype`;
CREATE TABLE `goodstype` (
  `goodstypeId` char(32) NOT NULL DEFAULT '',
  `goodstypeName` varchar(30) NOT NULL,
  `goodsbigtypeId` char(32) NOT NULL,
  PRIMARY KEY (`goodstypeId`),
  UNIQUE KEY `goodstypeName` (`goodstypeName`),
  KEY `goodsbigtypeId` (`goodsbigtypeId`)
) ENGINE=MyISAM DEFAULT CHARSET=gbk;

-- ----------------------------
-- Records of goodstype
-- ----------------------------
INSERT INTO `goodstype` VALUES ('11111111111111111111111111111111', '蒸蛋糕', '11111111111111111111111111111111');
INSERT INTO `goodstype` VALUES ('11111111111111111111111111111112', '瑞士卷', '11111111111111111111111111111111');
INSERT INTO `goodstype` VALUES ('11111111111111111111111111111113', '软面包', '11111111111111111111111111111111');
INSERT INTO `goodstype` VALUES ('11111111111111111111111111111114', '铜锣烧', '11111111111111111111111111111111');
INSERT INTO `goodstype` VALUES ('11111111111111111111111111111115', '威化饼干', '11111111111111111111111111111112');
INSERT INTO `goodstype` VALUES ('11111111111111111111111111111116', '压缩饼干', '11111111111111111111111111111112');
INSERT INTO `goodstype` VALUES ('11111111111111111111111111111117', '鸡腿肉', '11111111111111111111111111111113');
INSERT INTO `goodstype` VALUES ('11111111111111111111111111111118', '鸭腿肉', '11111111111111111111111111111113');
INSERT INTO `goodstype` VALUES ('11111111111111111111111111111119', '狗腿肉', '11111111111111111111111111111113');
INSERT INTO `goodstype` VALUES ('11111111111111111111111111111120', '豆腐', '11111111111111111111111111111114');
INSERT INTO `goodstype` VALUES ('11111111111111111111111111111121', '干果', '11111111111111111111111111111115');
INSERT INTO `goodstype` VALUES ('11111111111111111111111111111122', '糖果', '11111111111111111111111111111116');
INSERT INTO `goodstype` VALUES ('11111111111111111111111111111123', '巧克力', '11111111111111111111111111111117');
INSERT INTO `goodstype` VALUES ('11111111111111111111111111111124', '螃蟹', '11111111111111111111111111111118');
INSERT INTO `goodstype` VALUES ('11111111111111111111111111111125', '花茶', '11111111111111111111111111111119');
INSERT INTO `goodstype` VALUES ('11111111111111111111111111111126', '品牌', '11111111111111111111111111111120');
INSERT INTO `goodstype` VALUES ('11111111111111111111111111111127', '蛋糕', '11111111111111111111111111111111');
INSERT INTO `goodstype` VALUES ('11111111111111111111111111111128', '冰淇淋', '11111111111111111111111111111111');
INSERT INTO `goodstype` VALUES ('11111111111111111111111111111129', '饼干1', '11111111111111111111111111111112');
INSERT INTO `goodstype` VALUES ('11111111111111111111111111111130', '饼干2', '11111111111111111111111111111112');
INSERT INTO `goodstype` VALUES ('11111111111111111111111111111131', '饼干3', '11111111111111111111111111111112');
INSERT INTO `goodstype` VALUES ('11111111111111111111111111111132', '饼干4', '11111111111111111111111111111112');
INSERT INTO `goodstype` VALUES ('11111111111111111111111111111133', '鹅腿肉', '11111111111111111111111111111113');
INSERT INTO `goodstype` VALUES ('11111111111111111111111111111134', '猪腿肉', '11111111111111111111111111111113');
INSERT INTO `goodstype` VALUES ('11111111111111111111111111111135', '羊腿肉', '11111111111111111111111111111113');
INSERT INTO `goodstype` VALUES ('11111111111111111111111111111136', '豆腐1', '11111111111111111111111111111114');
INSERT INTO `goodstype` VALUES ('11111111111111111111111111111137', '豆腐2', '11111111111111111111111111111114');
INSERT INTO `goodstype` VALUES ('11111111111111111111111111111138', '豆腐3', '11111111111111111111111111111114');
INSERT INTO `goodstype` VALUES ('11111111111111111111111111111139', '豆腐4', '11111111111111111111111111111114');
INSERT INTO `goodstype` VALUES ('11111111111111111111111111111140', '豆腐5', '11111111111111111111111111111114');
INSERT INTO `goodstype` VALUES ('11111111111111111111111111111141', '干果1', '11111111111111111111111111111115');
INSERT INTO `goodstype` VALUES ('11111111111111111111111111111142', '干果2', '11111111111111111111111111111115');
INSERT INTO `goodstype` VALUES ('11111111111111111111111111111143', '干果3', '11111111111111111111111111111115');
INSERT INTO `goodstype` VALUES ('11111111111111111111111111111144', '干果4', '11111111111111111111111111111115');
INSERT INTO `goodstype` VALUES ('11111111111111111111111111111145', '干果5', '11111111111111111111111111111115');
INSERT INTO `goodstype` VALUES ('11111111111111111111111111111146', '糖果1', '11111111111111111111111111111116');
INSERT INTO `goodstype` VALUES ('11111111111111111111111111111147', '糖果2', '11111111111111111111111111111116');
INSERT INTO `goodstype` VALUES ('11111111111111111111111111111148', '糖果3', '11111111111111111111111111111116');
INSERT INTO `goodstype` VALUES ('11111111111111111111111111111149', '糖果4', '11111111111111111111111111111116');
INSERT INTO `goodstype` VALUES ('11111111111111111111111111111150', '糖果5', '11111111111111111111111111111116');
INSERT INTO `goodstype` VALUES ('11111111111111111111111111111151', '巧克力1', '11111111111111111111111111111117');
INSERT INTO `goodstype` VALUES ('11111111111111111111111111111152', '巧克力2', '11111111111111111111111111111117');
INSERT INTO `goodstype` VALUES ('11111111111111111111111111111153', '巧克力3', '11111111111111111111111111111117');
INSERT INTO `goodstype` VALUES ('11111111111111111111111111111154', '巧克力4', '11111111111111111111111111111117');
INSERT INTO `goodstype` VALUES ('11111111111111111111111111111155', '巧克力5', '11111111111111111111111111111117');
INSERT INTO `goodstype` VALUES ('11111111111111111111111111111156', '螃蟹1', '11111111111111111111111111111118');
INSERT INTO `goodstype` VALUES ('11111111111111111111111111111157', '螃蟹2', '11111111111111111111111111111118');
INSERT INTO `goodstype` VALUES ('11111111111111111111111111111158', '螃蟹3', '11111111111111111111111111111118');
INSERT INTO `goodstype` VALUES ('11111111111111111111111111111159', '螃蟹4', '11111111111111111111111111111118');
INSERT INTO `goodstype` VALUES ('11111111111111111111111111111160', '螃蟹5', '11111111111111111111111111111118');
INSERT INTO `goodstype` VALUES ('11111111111111111111111111111161', '花茶1', '11111111111111111111111111111119');
INSERT INTO `goodstype` VALUES ('11111111111111111111111111111162', '花茶2', '11111111111111111111111111111119');
INSERT INTO `goodstype` VALUES ('11111111111111111111111111111163', '花茶3', '11111111111111111111111111111119');
INSERT INTO `goodstype` VALUES ('11111111111111111111111111111164', '花茶4', '11111111111111111111111111111119');
INSERT INTO `goodstype` VALUES ('11111111111111111111111111111165', '花茶5', '11111111111111111111111111111119');
INSERT INTO `goodstype` VALUES ('11111111111111111111111111111166', '品牌1', '11111111111111111111111111111120');
INSERT INTO `goodstype` VALUES ('11111111111111111111111111111167', '品牌2', '11111111111111111111111111111120');
INSERT INTO `goodstype` VALUES ('11111111111111111111111111111168', '品牌3', '11111111111111111111111111111120');
INSERT INTO `goodstype` VALUES ('11111111111111111111111111111169', '品牌4', '11111111111111111111111111111120');
INSERT INTO `goodstype` VALUES ('11111111111111111111111111111170', '品牌5', '11111111111111111111111111111120');

-- ----------------------------
-- Table structure for gorder
-- ----------------------------
DROP TABLE IF EXISTS `gorder`;
CREATE TABLE `gorder` (
  `orderId` char(32) NOT NULL DEFAULT '',
  `customerId` char(32) NOT NULL,
  `orderTime` datetime NOT NULL,
  PRIMARY KEY (`orderId`),
  KEY `customerId` (`customerId`)
) ENGINE=MyISAM DEFAULT CHARSET=gbk;

-- ----------------------------
-- Records of gorder
-- ----------------------------

-- ----------------------------
-- Table structure for orderdetail
-- ----------------------------
DROP TABLE IF EXISTS `orderdetail`;
CREATE TABLE `orderdetail` (
  `orderdetailId` char(32) NOT NULL DEFAULT '',
  `orderId` char(32) NOT NULL,
  `goodsId` char(32) NOT NULL,
  `goodsNum` int(11) NOT NULL,
  PRIMARY KEY (`orderdetailId`),
  KEY `orderId` (`orderId`),
  KEY `goodsId` (`goodsId`)
) ENGINE=MyISAM DEFAULT CHARSET=gbk;

-- ----------------------------
-- Records of orderdetail
-- ----------------------------

-- ----------------------------
-- Table structure for shopcart
-- ----------------------------
DROP TABLE IF EXISTS `shopcart`;
CREATE TABLE `shopcart` (
  `shopcartId` char(32) NOT NULL DEFAULT '',
  `goodsId` char(32) DEFAULT NULL,
  `userId` char(32) DEFAULT NULL,
  `goodsNum` int(11) DEFAULT NULL,
  PRIMARY KEY (`shopcartId`),
  KEY `goodsId` (`goodsId`),
  KEY `userId` (`userId`)
) ENGINE=MyISAM DEFAULT CHARSET=gbk;

-- ----------------------------
-- Records of shopcart
-- ----------------------------
INSERT INTO `shopcart` VALUES ('015ddbce5e754179b44b9d1d3b909794', '1111111111111111111111111111112', '98a44b03025441dcb4205f5c04751eae', '7');
INSERT INTO `shopcart` VALUES ('32549f48b64448aabc970b96860027eb', '1111111111111111111111111111127', '98a44b03025441dcb4205f5c04751eae', '2');

-- ----------------------------
-- Table structure for user
-- ----------------------------
DROP TABLE IF EXISTS `user`;
CREATE TABLE `user` (
  `userId` char(32) NOT NULL DEFAULT '',
  `userName` varchar(30) NOT NULL COMMENT '用户姓名',
  `userPhone` varchar(11) DEFAULT NULL COMMENT '用户电话',
  `userEmail` varchar(30) NOT NULL COMMENT '用户邮箱',
  `userPassword` varchar(50) NOT NULL COMMENT '用户密码',
  `userImage` varchar(50) NOT NULL COMMENT '用户头像地址',
  `userType` int(11) NOT NULL COMMENT '用户身份 1代表普通用户，2代表商家  3代表管理员',
  `userAccount` double(10,2) NOT NULL COMMENT '账户余额',
  `userAddress` varchar(50) DEFAULT NULL COMMENT '用户地址 只有商家才有',
  PRIMARY KEY (`userId`),
  UNIQUE KEY `userEmail` (`userEmail`),
  UNIQUE KEY `userPhone` (`userPhone`)
) ENGINE=MyISAM DEFAULT CHARSET=gbk;

-- ----------------------------
-- Records of user
-- ----------------------------
INSERT INTO `user` VALUES ('bfe02c5e02d443eaaca1e163316d0b7a', 'cherish', '15001738030', '825829416@qq.com', 'yZ/7txUJBES3hb1EK9sL1g==', 'http://localhost:8080/graduation/1.jpg', '1', '0.00', null);
INSERT INTO `user` VALUES ('98a44b03025441dcb4205f5c04751eae', '吃货小白', '15001738031', '825829417@qq.com', 'ZFP+Jz6fSW6lonP5Wdd2TQ==', 'http://localhost:8080/GraduationProject/1.jpg', '1', '0.00', null);
INSERT INTO `user` VALUES ('3688d5b34d2c45fcb029f89c8084d50a', '吃货小白', '15001738032', '825829418@qq.com', 'ZFP+Jz6fSW6lonP5Wdd2TQ==', 'http://localhost:8080/GraduationProject/1.jpg', '1', '0.00', null);
